Diagnosis,Category,TotalDischargesMale(Lessthan15yearsage),TotalDischargesMale(15to44yearsage),TotalDischargesMale(45to64yearsage),TotalDischargesMale(65yearsandover),TotalDischargesMale,TotalDischargesFemale(Lessthan15yearsage),TotalDischargesFemale(15to44yearsage),TotalDischargesFemale(45to64yearsage),TotalDischargesFemale(65yearsandaboveage),TotalDischargesFemale,TotalDischarges(Lessthan15yearsage),TotalDischarges(15to44yearsage),TotalDischarges(45to64yearsage),TotalDischarges(65yearsandaboveage),TotalDischarges ,Year
Total Discharges ,–,"73,977","143,202","227,364","319,301","763,844","59,661","321,001","242,781","276,779","900,222","133,638","464,203","470,145","596,080","1,664,066",2015
All Conditions,–,"173,130","327,360","584,522","982,213","2,067,225","138,416","815,959","593,031","841,353","2,388,759","311,546","1,143,319","1,177,553","1,823,566","4,455,984",2015
Certain infectious and parasitic diseases,A00-B99,"9,599","8,902","9,047","14,323","41,871","8,549","13,403","8,071","17,102","47,125","18,148","22,305","17,118","31,425","88,996",2015
Intestinal infectious diseases (including diarrhoea),A00–A09,"4,417","1,882","1,793","3,048","11,140","4,183","3,649","2,321","4,323","14,476","8,600","5,531","4,114","7,371","25,616",2015
Tuberculosis,A15–A19,~,111,76,*,245,*,68,33,*,155,14,179,109,98,400,2015
Septicaemia,A40–A41,175,408,973,"3,031","4,587",127,498,868,"2,583","4,076",302,906,"1,841","5,614","8,663",2015
Human immunodeficiency virus [HIV] disease,B20–B24,**,**,**,**,**,**,**,**,**,**,**,**,**,**,994,2015
Neoplasms,C00–D48,"6,530","20,446","86,871","141,070","254,917","7,224","47,895","139,617","114,260","308,996","13,754","68,341","226,488","255,330","563,913",2015
Malignant neoplasms,C00–C96,"5,701","15,951","77,972","125,200","224,824","6,245","34,781","125,603","101,748","268,377","11,946","50,732","203,575","226,948","493,201",2015
"Malignant neoplasm of colon, rectum and anus ",C18–C21,~,*,"8,346","12,997","22,428",~,*,"6,702","6,381","14,070",~,*,"15,048","19,378","36,498",2015
"Malignant neoplasm of trachea, bronchus and lung ",C33–C34,0,322,"4,793","8,463","13,578",0,381,"4,822","7,012","12,215",0,703,"9,615","15,475","25,793",2015
Melanoma and other malignant neoplasms of skin ,C43–C44,*,*,"2,688","8,322","11,870",~,*,"1,934","5,254","8,121",15,"1,778","4,622","13,576","19,991",2015
Malignant neoplasm of breast ,C50,0,10,84,315,409,0,"12,220","40,791","21,513","74,524",0,"12,230","40,875","21,828","74,933",2015
Malignant neoplasms of female genital organs ,C51–C58,0,0,0,0,0,6,"2,593","9,027","6,517","18,143",6,"2,593","9,027","6,517","18,143",2015
Malignant neoplasm of prostate ,C61,20,19,"10,580","28,827","39,446",0,0,0,0,0,20,19,"10,580","28,827","39,446",2015
Malignant neoplasm of bladder ,C67,~,*,895,"2,873","3,832",0,16,297,874,"1,187",~,*,"1,192","3,747","5,019",2015
"Malignant neoplasms of lymphoid, haematopoietic and related tissue",C81–C96,"3,291","3,970","9,485","15,033","31,779","3,098","2,709","6,409","11,106","23,322","6,389","6,679","15,894","26,139","55,101",2015
In situ neoplasms,D00-D09,0,107,514,"1,625","2,246",~,*,"4,652","3,269","11,617",~,*,"5,166","4,894","13,863",2015
Benign neoplasms and neoplasms of uncertain or unknown behaviour,D10–D48,829,"4,388","8,385","14,245","27,847",978,"9,419","9,362","9,243","29,002","1,807","13,807","17,747","23,488","56,849",2015
Diseases of the blood and blood-forming organs and certain disorders involving the immune mechanism,D50–D89,"3,711","4,362","6,668","15,842","30,583","3,050","9,848","7,120","15,211","35,229","6,761","14,210","13,788","31,053","65,812",2015
"Endocrine, nutritional and metabolic diseases",E00–E89,"4,982","13,835","39,498","67,732","126,047","5,033","14,105","24,188","52,919","96,245","10,015","27,940","63,686","120,651","222,292",2015
Diabetes mellitus,E10–E14,437,"4,357","20,600","43,391","68,785",514,"4,248","11,317","26,507","42,586",951,"8,605","31,917","69,898","111,371",2015
Cystic fibrosis,E84,511,"1,625",*,~,"2,283",576,"1,410",*,~,"2,072","1,087","3,035",227,6,"4,355",2015
Mental and behavioural disorders,F00–F99,"1,971","8,438","9,262","12,818","32,489","1,324","7,031","6,160","14,068","28,583","3,295","15,469","15,422","26,886","61,072",2015
Mental and behavioural disorders due to alcohol,F10,30,"3,422","5,219","2,875","11,546",27,"1,346","1,994",930,"4,297",57,"4,768","7,213","3,805","15,843",2015
Mental and behavioural disorders due to use of other psychoactive substance,F11–F19,13,"2,092",535,81,"2,721",14,"1,375",191,66,"1,646",27,"3,467",726,147,"4,367",2015
Diseases of nervous system,G00–G99,"4,577","7,629","10,076","14,039","36,321","3,455","10,749","9,554","12,832","36,590","8,032","18,378","19,630","26,871","72,911",2015
Multiple sclerosis,G35,~,"1,197",948,*,"2,451",0,"2,651","1,732",424,"4,807",~,"3,848","2,680",*,"7,258",2015
Epilepsy,"G40, G41","1,311","1,651","1,152","1,095","5,209","1,214","1,565",857,983,"4,619","2,525","3,216","2,009","2,078","9,828",2015
Transient cerebral ischaemic attacks and related syndromes,G45,~,*,481,"1,307","1,856",~,*,397,"1,508","1,995",~,*,878,"2,815","3,851",2015
Diseases of the eye and adnexa,H00–H59,"1,548","2,870","7,593","20,075","32,086","1,184","3,394","6,098","24,968","35,644","2,732","6,264","13,691","45,043","67,730",2015
Diseases of the ear and mastoid process,H60–H95,"3,437","1,764","1,437","1,443","8,081","2,403","1,767","1,501","1,534","7,205","5,840","3,531","2,938","2,977","15,286",2015
Diseases of the circulatory system,I00–I99,"1,697","9,924","45,847","110,352","167,820","1,622","9,002","23,000","84,531","118,155","3,319","18,926","68,847","194,883","285,975",2015
Hypertensive diseases,I10–I15,156,"3,010","12,298","26,261","41,725",335,"2,901","7,392","23,989","34,617",491,"5,911","19,690","50,250","76,342",2015
Angina pectoris,I20,~,*,"1,729","2,626","4,501",0,65,698,"1,587","2,350",~,*,"2,427","4,213","6,851",2015
Acute myocardial infarction,I21–I22,~,*,"2,349","3,485","6,175",0,71,682,"2,287","3,040",~,*,"3,031","5,772","9,215",2015
Other ischaemic heart disease,I23–I25,~,*,"9,484","17,662","27,925",~,*,"2,849","8,435","11,619",~,*,"12,333","26,097","39,544",2015
Pulmonary heart disease and diseases of pulmonary circulation,I26–I28,46,242,596,"1,317","2,201",63,353,520,"1,602","2,538",109,595,"1,116","2,919","4,739",2015
Conduction disorders and cardiac arrhythmias,I44–I49,222,"1,534","6,544","24,454","32,754",154,731,"2,590","17,987","21,462",376,"2,265","9,134","42,441","54,216",2015
Heart failure,I50,34,148,"1,644","11,034","12,860",29,84,700,"9,098","9,911",63,232,"2,344","20,132","22,771",2015
Cerebrovascular disease,I60–I69,129,526,"2,473","5,756","8,884",54,439,"1,330","5,205","7,028",183,965,"3,803","10,961","15,912",2015
Atherosclerosis (non-coronary),I70,~,*,996,"2,477","3,648",~,*,345,"1,189","1,569",~,*,"1,341","3,666","5,217",2015
Diseases of the respiratory system,J00–J99,"13,853","10,367","16,855","43,766","84,841","10,190","12,824","15,855","40,814","79,683","24,043","23,191","32,710","84,580","164,524",2015
Acute upper respiratory infections and influenza,J00–J11,"4,361","1,135",495,542,"6,533","3,184","2,086",623,591,"6,484","7,545","3,221","1,118","1,133","13,017",2015
Pneumonia,J12–J18,852,"1,296","1,905","6,605","10,658",775,"1,244","1,583","6,330","9,932","1,627","2,540","3,488","12,935","20,590",2015
Chronic diseases of tonsils and adenoids,J35,"2,154",498,48,14,"2,714","1,788","1,106",62,20,"2,976","3,942","1,604",110,34,"5,690",2015
Chronic obstructive pulmonary disease and bronchiectasis,"J40–J44, J47",96,491,"3,865","13,409","17,861",81,586,"4,279","11,792","16,738",177,"1,077","8,144","25,201","34,599",2015
Asthma,J45–J46,"1,619","1,237","1,527","1,112","5,495",929,"2,548","1,958","1,679","7,114","2,548","3,785","3,485","2,791","12,609",2015
Diseases of the digestive system,K00–K93,"8,191","39,441","52,659","53,372","153,663","6,759","44,134","50,405","51,822","153,120","14,950","83,575","103,064","105,194","306,783",2015
"Diseases of oesophagus, stomach and duodenum",K20–K31,"1,146","11,373","17,021","15,820","45,360",858,"11,292","16,463","15,397","44,010","2,004","22,665","33,484","31,217","89,370",2015
Diseases of appendix,K35–K38,"1,195","2,025",394,134,"3,748",906,"1,953",332,131,"3,322","2,101","3,978",726,265,"7,070",2015
Inguinal hernia,K40,520,837,"1,280","1,552","4,189",84,62,92,132,370,604,899,"1,372","1,684","4,559",2015
Noninfective enteritis and colitis,K50–K52,506,"6,008","3,057","1,658","11,229",393,"5,861","3,377","1,956","11,587",899,"11,869","6,434","3,614","22,816",2015
Alcoholic liver disease,K70,0,470,"1,579",591,"2,640",0,264,598,211,"1,073",0,734,"2,177",802,"3,713",2015
Cholelithiasis,K80,14,499,"1,178","1,917","3,608",25,"2,782","2,131","2,194","7,132",39,"3,281","3,309","4,111","10,740",2015
Diseases of the skin and subcutaneous tissue,L00–L99,"2,747","14,013","12,439","14,205","43,404","2,112","14,161","10,623","13,851","40,747","4,859","28,174","23,062","28,056","84,151",2015
"Cutaneous abscess, furuncle and carbuncle and cellulitis",L02–L03,643,"1,655","2,097","2,964","7,359",468,"1,127","1,257","3,244","6,096","1,111","2,782","3,354","6,208","13,455",2015
Decubitus ulcer and pressure area,L89,8,125,227,923,"1,283",13,56,174,999,"1,242",21,181,401,"1,922","2,525",2015
Diseases of the musculoskeletal system and connective tissue,M00–M99,"2,817","11,784","18,744","19,694","53,039","3,140","16,126","23,558","32,030","74,854","5,957","27,910","42,302","51,724","127,893",2015
Rheumatoid arthritis,M05–M06,0,542,"1,113","1,140","2,795",6,"1,086","2,422","2,347","5,861",6,"1,628","3,535","3,487","8,656",2015
Coxarthrosis and Gonarthrosis ,M16–M17,~,*,"2,410","3,385","6,229",~,*,"2,474","5,301","8,077",~,*,"4,884","8,686","14,306",2015
Intervertebral disc disorders,M50–M51,9,612,827,642,"2,090",13,896,978,873,"2,760",22,"1,508","1,805","1,515","4,850",2015
Dorsalgia (back pain),M54,122,"2,023","2,758","2,082","6,985",124,"4,387","4,120","3,890","12,521",246,"6,410","6,878","5,972","19,506",2015
Diseases of the genitourinary system,N00–N99,"5,646","15,555","34,772","77,700","133,673","3,970","40,835","38,256","57,533","140,594","9,616","56,390","73,028","135,233","274,267",2015
Chronic kidney disease,N18,452,"8,083","22,966","48,413","79,914",602,"6,451","13,206","29,365","49,624","1,054","14,534","36,172","77,778","129,538",2015
Urolithiasis,N20–N23,76,"1,552","2,015","1,126","4,769",43,"1,021",966,597,"2,627",119,"2,573","2,981","1,723","7,396",2015
Hyperplasia of prostate,N40,0,64,"1,549","5,379","6,992",0,0,0,0,0,0,64,"1,549","5,379","6,992",2015
Disorders of breast,N60–N64,14,112,41,42,209,19,"2,038","2,050",651,"4,758",33,"2,150","2,091",693,"4,967",2015
Inflammatory diseases of female pelvic organs,N70–N77,0,0,0,0,0,55,"3,009",862,352,"4,278",55,"3,009",862,352,"4,278",2015
Noninflammatory disorders of female genital tract,N80–N98,0,0,0,0,0,305,"21,364","13,066","4,584","39,319",305,"21,364","13,066","4,584","39,319",2015
"Pregnancy, childbirth and the puerperium",O00–O99,0,0,0,0,0,30,"266,490","1,189",0,"267,709",30,"266,490","1,189",0,"267,709",2015
Gestational [pregnancy induced] hypertension,O13,0,0,0,0,0,0,"6,203",71,0,"6,274",0,"6,203",71,0,"6,274",2015
Diabetes mellitus in pregnancy,O24,0,0,0,0,0,0,"7,905",67,0,"7,972",0,"7,905",67,0,"7,972",2015
Single spontaneous delivery,O80,0,0,0,0,0,~,"32,943",*,0,"32,980",~,"32,943",*,0,"32,980",2015
Single delivery by forceps and vacuum extractor,O81,0,0,0,0,0,0,"9,610",17,0,"9,627",0,"9,610",17,0,"9,627",2015
Single delivery by caesarean section,O82,0,0,0,0,0,~,"18,875",*,0,"18,997",~,"18,875",*,0,"18,997",2015
Other assisted single delivery,O83,0,0,0,0,0,0,*,~,0,"1,259",0,*,~,0,"1,259",2015
Multiple delivery,O84,0,0,0,0,0,0,"1,211",17,0,"1,228",0,"1,211",17,0,"1,228",2015
Certain conditions originating in the perinatal period,P00–P96,**,**,**,**,"15,711",**,**,**,**,"12,445",**,**,**,**,"28,156",2015
"Congenital malformations, deformations and chromosomal abnormalities",Q00–Q99,"15,236","2,579","1,073",970,"19,858","11,467","2,451","2,242","1,006","17,166","26,703","5,030","3,315","1,976","37,024",2015
"Symptoms, signs and abnormal clinical and laboratory findings, not elsewhere classified",R00–R99,"14,886","25,295","35,583","58,384","134,148","11,856","53,177","36,522","56,849","158,404","26,742","78,472","72,105","115,233","292,552",2015
Pain in throat and chest,R07,186,"3,607","5,932","4,248","13,973",159,"3,943","5,222","4,173","13,497",345,"7,550","11,154","8,421","27,470",2015
Abdominal and pelvic pain,R10,"1,223","3,057","2,545","1,955","8,780","1,523","15,465","4,414","2,583","23,985","2,746","18,522","6,959","4,538","32,765",2015
"Injury, poisoning and certain other consequences of external causes",S00–T98,"8,917","22,470","12,776","14,064","58,227","6,418","11,019","9,439","18,317","45,193","15,335","33,489","22,215","32,381","103,420",2015
Intracranial injury,S06,297,"1,304",784,849,"3,234",164,538,303,773,"1,778",461,"1,842","1,087","1,622","5,012",2015
Other injuries to the head (including skull fracture),"S00–S05, S07–S09","2,459","4,112","1,538","1,909","10,018","1,699","1,066",740,"2,204","5,709","4,158","5,178","2,278","4,113","15,727",2015
Fracture of femur,S72,164,170,281,"1,421","2,036",57,80,400,"3,311","3,848",221,250,681,"4,732","5,884",2015
"Poisonings by drugs, medicaments and biological substances and toxic effects of substances chiefly nonmedicinal as to source",T36–T65,195,"1,657",704,276,"2,832",388,"2,105","1,004",376,"3,873",583,"3,762","1,708",652,"6,705",2015
External causes of morbidity and mortality,U50–Y98,"22,622","44,585","25,946","35,535","128,688","15,755","25,684","21,786","46,843","110,068","38,377","70,269","47,732","82,378","238,756",2015
Transport accidents,V01–V99,569,"1,723",795,371,"3,458",365,991,403,303,"2,062",934,"2,714","1,198",674,"5,520",2015
Factors influencing health status and contact with health services a,"U00–U49, Z00–Z99","24,453","63,100","157,376","266,829","511,758","20,434","211,861","157,846","184,863","575,004","44,887","274,961","315,222","451,692","1,086,762",2015
Other medical care (including radiotherapy and chemotherapy sessions),Z51,"2,750","6,965","37,169","65,447","112,331","2,740","17,203","61,871","49,149","130,963","5,490","24,168","99,040","114,596","243,294",2015
Total Discharges ,–,73961,147296,234085,333360,788702,58716,323827,249502,283705,915750,132677,471123,483587,617065,1704452,2016
All Conditions,–,199579,340609,615512,1044315,2171015,135876,844738,615605,890946,2487165,306455,1185347,1231117,1935261,4658180,2016
Certain infectious and parasitic diseases,A00-B99,9695,10048,10557,18046,48346,8762,15959,9419,20828,54968,18457,26007,19976,38874,103314,2016
Intestinal infectious diseases (including diarrhoea),A00–A09,4010,2213,2269,3582,12074,3732,4340,2825,5033,15930,7742,6553,5094,8615,28004,2016
Tuberculosis,A15–A19,10,116,86,65,277,33,72,42,38,185,43,188,128,103,462,2016
Septicaemia,A40–A41,198,663,1631,4754,7246,138,791,1263,4055,6247,336,1454,2894,8809,13493,2016
Human immunodeficiency virus [HIV] disease,B20–B24,**,**,**,**,**,**,**,**,**,**,**,**,**,**,904,2016
Neoplasms,C00–D48,6771,21072,92138,150234,270215,6874,50599,138221,117100,312794,13645,71671,230359,267334,583009,2016
Malignant neoplasms,C00–C96,5961,16408,81663,133016,237048,5773,37255,123779,104007,270814,11734,53663,205442,237023,507862,2016
"Malignant neoplasm of colon, rectum and anus ",C18–C21,~,*,9235,12714,23060,~,*,6250,5947,13171,~,*,15485,18661,36231,2016
"Malignant neoplasm of trachea, bronchus and lung ",C33–C34,0,367,5098,10157,15622,~,*,4862,8377,13533,~,*,9960,18534,29155,2016
Melanoma and other malignant neoplasms of skin ,C43–C44,*,*,2840,9345,13027,~,*,2113,5477,8398,15,1635,4953,14822,21425,2016
Malignant neoplasm of breast ,C50,0,~,*,251,372,0,*,*,21316,76471,0,12985,42291,21567,76843,2016
Malignant neoplasms of female genital organs ,C51–C58,0,0,0,0,0,34,3025,8118,6065,17242,34,3025,8118,6065,17242,2016
Malignant neoplasm of prostate ,C61,16,64,10298,28712,39090,0,0,0,0,0,16,64,10298,28712,39090,2016
Malignant neoplasm of bladder ,C67,6,65,859,2784,3714,0,17,299,991,1307,6,82,1158,3775,5021,2016
"Malignant neoplasms of lymphoid, haematopoietic and related tissue",C81–C96,3337,4157,10659,16469,34622,2651,3108,6172,12743,24674,5988,7265,16831,29212,59296,2016
In situ neoplasms,D00-D09,~,*,622,1720,2443,~,*,3992,3095,10783,7,3790,4614,4815,13226,2016
Benign neoplasms and neoplasms of uncertain or unknown behaviour,D10–D48,808,4565,9853,15498,30724,1096,9653,10450,9998,31197,1904,14218,20303,25496,61921,2016
Diseases of the blood and blood-forming organs and certain disorders involving the immune mechanism,D50–D89,4076,4286,7312,16573,32247,2786,10452,7517,15639,36394,6862,14738,14829,32212,68641,2016
"Endocrine, nutritional and metabolic diseases",E00–E89,4598,14635,40804,73442,133479,4436,15218,25857,58819,104330,9034,29853,66661,132261,237809,2016
Diabetes mellitus,E10–E14,473,4824,22276,48726,76299,529,4784,12417,30105,47835,1002,9608,34693,78831,124134,2016
Cystic fibrosis,E84,505,1664,*,~,2328,563,1385,*,~,2064,1068,3049,*,~,4392,2016
Mental and behavioural disorders,F00–F99,1964,9145,10278,14583,35970,1362,7728,6705,16210,32005,3326,16873,16983,30793,67975,2016
Mental and behavioural disorders due to alcohol,F10,46,3788,5869,3271,12974,40,1426,2110,1151,4727,86,5214,7979,4422,17701,2016
Mental and behavioural disorders due to use of other psychoactive substance,F11–F19,16,2111,680,124,2931,8,1464,302,127,1901,24,3575,982,251,4832,2016
Diseases of nervous system,G00–G99,3970,7760,10268,14744,36742,3196,10852,10327,13888,38263,7166,18612,20595,28632,75005,2016
Multiple sclerosis,G35,~,1223,1137,*,2725,0,2689,1929,490,5108,~,3912,3066,*,7833,2016
Epilepsy,"G40, G41",1200,1609,1112,903,4824,1066,1609,847,885,4407,2266,3218,1959,1788,9231,2016
Transient cerebral ischaemic attacks and related syndromes,G45,~,*,494,1357,1928,~,*,431,1483,1993,~,*,925,2840,3921,2016
Diseases of the eye and adnexa,H00–H59,1578,2947,7965,21133,33623,1297,3439,5782,26455,36973,2875,6386,13747,47588,70596,2016
Diseases of the ear and mastoid process,H60–H95,3335,1624,1629,1750,8338,2288,1915,1722,1755,7680,5623,3539,3351,3505,16018,2016
Diseases of the circulatory system,I00–I99,1667,9117,43804,106496,161084,1649,8110,22387,84276,116422,3316,17227,66191,190772,277506,2016
Hypertensive diseases,I10–I15,193,2549,11528,24088,38358,286,2092,6541,22455,31374,479,4641,18069,46543,69732,2016
Angina pectoris,I20,0,125,1561,2322,4008,~,*,690,1404,2136,~,*,2251,3726,6144,2016
Acute myocardial infarction,I21–I22,~,*,2364,3525,6193,0,64,654,2153,2871,~,*,3018,5678,9064,2016
Other ischaemic heart disease,I23–I25,~,*,8909,16414,26021,~,*,2617,8028,10807,~,*,11526,24442,36828,2016
Pulmonary heart disease and diseases of pulmonary circulation,I26–I28,77,256,608,1214,2155,90,296,553,1701,2640,167,552,1161,2915,4795,2016
Conduction disorders and cardiac arrhythmias,I44–I49,226,1269,6657,24159,32311,150,813,2532,18454,21949,376,2082,9189,42613,54260,2016
Heart failure,I50,30,157,1467,10290,11944,38,94,657,9170,9959,68,251,2124,19460,21903,2016
Cerebrovascular disease,I60–I69,97,510,2097,5861,8565,99,432,1450,5341,7322,196,942,3547,11202,15887,2016
Atherosclerosis (non-coronary),I70,~,*,840,2314,3218,~,*,352,1170,1561,~,*,1192,3484,4779,2016
Diseases of the respiratory system,J00–J99,14248,11205,18354,46763,90570,10869,14352,17014,43549,85784,25117,25557,35368,90312,176354,2016
Acute upper respiratory infections and influenza,J00–J11,4238,1421,691,643,6993,3380,2854,805,695,7734,7618,4275,1496,1338,14727,2016
Pneumonia,J12–J18,951,1408,2139,7420,11918,882,1375,1740,6850,10847,1833,2783,3879,14270,22765,2016
Chronic diseases of tonsils and adenoids,J35,1978,447,55,22,2502,1653,1037,69,20,2779,3631,1484,124,42,5281,2016
Chronic obstructive pulmonary disease and bronchiectasis,"J40–J44, J47",75,475,3722,13580,17852,110,554,4096,12365,17125,185,1029,7818,25945,34977,2016
Asthma,J45–J46,1713,1347,1560,925,5545,1070,2678,2132,1712,7592,2783,4025,3692,2637,13137,2016
Diseases of the digestive system,K00–K93,8178,41794,58057,57662,165691,6659,46130,54043,56387,163219,14837,87924,112100,114049,328910,2016
"Diseases of oesophagus, stomach and duodenum",K20–K31,1087,12067,18463,16947,48564,858,11888,17265,16529,46540,1945,23955,35728,33476,95104,2016
Diseases of appendix,K35–K38,1223,2047,401,149,3820,952,1938,385,162,3437,2175,3985,786,311,7257,2016
Inguinal hernia,K40,525,782,1197,1603,4107,92,72,84,141,389,617,854,1281,1744,4496,2016
Noninfective enteritis and colitis,K50–K52,535,6610,3326,1556,12027,357,6427,3309,1832,11925,892,13037,6635,3388,23952,2016
Alcoholic liver disease,K70,0,526,1580,709,2815,0,242,696,225,1163,0,768,2276,934,3978,2016
Cholelithiasis,K80,10,663,1218,2080,3971,14,2705,2207,2307,7233,24,3368,3425,4387,11204,2016
Diseases of the skin and subcutaneous tissue,L00–L99,2693,14809,12774,15497,45773,2170,14317,11268,15288,43043,4863,29126,24042,30785,88816,2016
"Cutaneous abscess, furuncle and carbuncle and cellulitis",L02–L03,571,1843,2229,3482,8125,466,1092,1306,3658,6522,1037,2935,3535,7140,14647,2016
Decubitus ulcer and pressure area,L89,9,168,304,1434,1915,7,88,235,1391,1721,16,256,539,2825,3636,2016
Diseases of the musculoskeletal system and connective tissue,M00–M99,2814,11418,19021,20581,53834,2959,16507,24716,33629,77811,5773,27925,43737,54210,131645,2016
Rheumatoid arthritis,M05–M06,0,371,1212,1212,2795,0,878,2278,2408,5564,0,1249,3490,3620,8359,2016
Coxarthrosis and Gonarthrosis ,M16–M17,~,*,2370,3299,6039,0,345,2519,5060,7924,~,*,4889,8359,13963,2016
Intervertebral disc disorders,M50–M51,~,*,912,725,2330,*,*,1064,1039,2986,14,1562,1976,1764,5316,2016
Dorsalgia (back pain),M54,130,1945,2973,2233,7281,126,4643,4387,4349,13505,256,6588,7360,6582,20786,2016
Diseases of the genitourinary system,N00–N99,5651,16659,36259,84220,142789,3807,42555,40321,60849,147532,9458,59214,76580,145069,290321,2016
Chronic kidney disease,N18,497,9128,23356,52702,85683,586,6719,13959,30242,51506,1083,15847,37315,82944,137189,2016
Urolithiasis,N20–N23,88,1625,2139,1167,5019,49,1005,1077,626,2757,137,2630,3216,1793,7776,2016
Hyperplasia of prostate,N40,0,70,1590,4867,6527,0,0,0,0,0,0,70,1590,4867,6527,2016
Disorders of breast,N60–N64,11,110,59,26,206,30,2089,1935,597,4651,41,2199,1994,623,4857,2016
Inflammatory diseases of female pelvic organs,N70–N77,0,0,0,0,0,64,3144,807,367,4382,64,3144,807,367,4382,2016
Noninflammatory disorders of female genital tract,N80–N98,0,0,0,0,0,300,22598,13990,4757,41645,300,22598,13990,4757,41645,2016
"Pregnancy, childbirth and the puerperium",O00–O99,0,0,0,0,0,7,268192,1472,0,269671,7,268192,1472,0,269671,2016
Gestational [pregnancy induced] hypertension,O13,0,0,0,0,0,0,6627,69,0,6696,0,6627,69,0,6696,2016
Diabetes mellitus in pregnancy,O24,0,0,0,0,0,0,9125,92,0,9217,0,9125,92,0,9217,2016
Single spontaneous delivery,O80,0,0,0,0,0,~,31484,*,0,31534,~,31484,*,0,31534,2016
Single delivery by forceps and vacuum extractor,O81,0,0,0,0,0,0,9304,8,0,9312,0,9304,8,0,9312,2016
Single delivery by caesarean section,O82,0,0,0,0,0,~,19182,*,0,19342,~,19182,*,0,19342,2016
Other assisted single delivery,O83,0,0,0,0,0,0,*,~,0,1041,0,*,~,0,1041,2016
Multiple delivery,O84,0,0,0,0,0,0,1180,39,0,1219,0,1180,39,0,1219,2016
Certain conditions originating in the perinatal period,P00–P96,**,**,**,**,15264,**,**,**,**,11716,**,**,**,**,26980,2016
"Congenital malformations, deformations and chromosomal abnormalities",Q00–Q99,14349,2168,1397,687,18601,10982,2307,2269,838,16396,25331,4475,3666,1525,34997,2016
"Symptoms, signs and abnormal clinical and laboratory findings, not elsewhere classified",R00–R99,14647,26777,39356,65564,146344,11751,55520,40377,64519,172167,26398,82297,79733,130083,318511,2016
Pain in throat and chest,R07,154,3704,6004,4140,14002,133,4053,5424,4265,13875,287,7757,11428,8405,27877,2016
Abdominal and pelvic pain,R10,1183,3098,2646,1876,8803,1389,15751,4526,2731,24397,2572,18849,7172,4607,33200,2016
"Injury, poisoning and certain other consequences of external causes",S00–T98,8669,23392,13669,16192,61922,6218,11815,10191,20048,48272,14887,35207,23860,36240,110194,2016
Intracranial injury,S06,267,1291,741,995,3294,191,421,349,815,1776,458,1712,1090,1810,5070,2016
Other injuries to the head (including skull fracture),"S00–S05, S07–S09",2388,4245,1793,2479,10905,1605,1222,804,2529,6160,3993,5467,2597,5008,17065,2016
Fracture of femur,S72,121,190,264,1409,1984,63,63,356,3345,3827,184,253,620,4754,5811,2016
"Poisonings by drugs, medicaments and biological substances and toxic effects of substances chiefly nonmedicinal as to source",T36–T65,283,1719,764,313,3079,395,2365,1048,370,4178,678,4084,1812,683,7257,2016
External causes of morbidity and mortality,U50–Y98,21834,44903,28799,40881,136417,15628,27476,24163,51493,118760,37462,72379,52962,92374,255177,2016
Transport accidents,V01–V99,506,1724,772,441,3443,319,1134,398,340,2191,825,2858,1170,781,5634,2016
Factors influencing health status and contact with health services a,"U00–U49, Z00–Z99",24580,66848,163071,279267,533766,20463,221293,161833,189376,592965,45043,288141,324904,468643,1126731,2016
Other medical care (including radiotherapy and chemotherapy sessions),Z51,2781,7624,38211,68934,117550,2573,18921,61523,50569,133586,5354,26545,99734,119503,251136,2016
Total Discharges ,–,"71,441","146,470","238,466","344,066","800,443","56,104","318,913","252,498","290,565","918,080","127,545","465,383","490,964","634,631","1,718,523",2017
All Conditions,–,"130,027","342,762","630,240","1,088,650","2,231,679","136,112","842,031","620,546","916,787","2,515,476","306,139","1,184,793","1,250,786","2,005,437","4,747,155",2017
Certain infectious and parasitic diseases,A00-B99,"9,615","10,048","11,689","20,346","51,698","8,444","16,058","10,343","22,285","57,130","18,059","26,106","22,032","42,631","108,828",2017
Intestinal infectious diseases (including diarrhoea),A00–A09,"3,675","2,205","2,335","3,643","11,858","3,414","4,409","2,897","5,040","15,760","7,089","6,614","5,232","8,683","27,618",2017
Tuberculosis,A15–A19,0,161,70,59,290,7,93,38,48,186,7,254,108,107,476,2017
Septicaemia,A40–A41,184,708,"1,879","5,770","8,541",147,949,"1,435","4,791","7,322",331,"1,657","3,314","10,561","15,863",2017
Human immunodeficiency virus [HIV] disease,B20–B24,**,**,**,**,**,**,**,**,**,**,**,**,**,**,938,2017
Neoplasms,C00–D48,"7,497","20,354","90,697","150,435","268,983","6,420","48,364","134,539","119,135","308,458","13,917","68,718","225,236","269,570","577,441",2017
Malignant neoplasms,C00–C96,"6,534","15,472","80,195","132,309","234,510","5,294","34,929","120,168","106,234","266,625","11,828","50,401","200,363","238,543","501,135",2017
"Malignant neoplasm of colon, rectum and anus ",C18–C21,~,*,"8,582","12,241","21,851",~,*,"5,488","6,237","12,785",7,"2,081","14,070","18,478","34,636",2017
"Malignant neoplasm of trachea, bronchus and lung ",C33–C34,~,*,"5,060","8,680","14,057",0,270,"4,978","7,494","12,742",~,*,"10,038","16,174","26,799",2017
Melanoma and other malignant neoplasms of skin ,C43–C44,~,*,"3,415","11,000","15,186",*,*,"2,465","5,616","8,920",10,"1,600","5,880","16,616","24,106",2017
Malignant neoplasm of breast ,C50,0,~,*,241,334,0,*,*,"21,527","72,816",0,"12,363","39,019","21,768","73,150",2017
Malignant neoplasms of female genital organs ,C51–C58,0,0,0,0,0,18,"3,043","8,269","6,695","18,025",18,"3,043","8,269","6,695","18,025",2017
Malignant neoplasm of prostate ,C61,0,121,"9,374","25,760","35,255",0,0,0,0,0,0,121,"9,374","25,760","35,255",2017
Malignant neoplasm of bladder ,C67,~,*,"1,086","2,777","3,930",0,97,421,992,"1,510",~,*,"1,507","3,769","5,440",2017
"Malignant neoplasms of lymphoid, haematopoietic and related tissue",C81–C96,"4,038","3,723","10,320","16,864","34,945","2,305","2,640","6,872","13,061","24,878","6,343","6,363","17,192","29,925","59,823",2017
In situ neoplasms,D00-D09,0,82,674,"1,900","2,656",0,"3,320","3,445","2,716","9,481",0,"3,402","4,119","4,616","12,137",2017
Benign neoplasms and neoplasms of uncertain or unknown behaviour,D10–D48,963,"4,800","9,828","16,226","31,817","1,126","10,115","10,926","10,185","32,352","2,089","14,915","20,754","26,411","64,169",2017
Diseases of the blood and blood-forming organs and certain disorders involving the immune mechanism,D50–D89,"3,877","4,392","7,275","16,707","32,251","2,440","11,148","7,824","15,939","37,351","6,317","15,540","15,099","32,646","69,602",2017
"Endocrine, nutritional and metabolic diseases",E00–E89,"4,348","14,575","43,583","79,900","142,406","4,588","15,911","26,841","61,622","108,962","8,936","30,486","70,424","141,522","251,368",2017
Diabetes mellitus,E10–E14,455,"5,256","24,037","53,409","83,157",560,"4,981","13,789","33,211","52,541","1,015","10,237","37,826","86,620","135,698",2017
Cystic fibrosis,E84,463,"1,706",195,6,"2,370",643,"1,573",103,7,"2,326","1,106","3,279",298,13,"4,696",2017
Mental and behavioural disorders,F00–F99,"2,284","9,595","10,981","15,434","38,294","1,452","7,887","6,638","17,303","33,280","3,736","17,482","17,619","32,737","71,574",2017
Mental and behavioural disorders due to alcohol,F10,40,"3,845","6,021","3,410","13,316",52,"1,642","2,150","1,284","5,128",92,"5,487","8,171","4,694","18,444",2017
Mental and behavioural disorders due to use of other psychoactive substance,F11–F19,13,"2,385",753,108,"3,259",8,"1,336",310,128,"1,782",21,"3,721","1,063",236,"5,041",2017
Diseases of nervous system,G00–G99,"3,951","7,709","10,434","15,291","37,385","3,188","11,201","10,389","13,831","38,609","7,139","18,910","20,823","29,122","75,994",2017
Multiple sclerosis,G35,~,"1,274","1,028",*,"2,627",~,"2,747","1,889",*,"5,149",7,"4,021","2,917",831,"7,776",2017
Epilepsy,"G40, G41","1,259","1,491","1,171",991,"4,912","1,020","1,527",875,840,"4,262","2,279","3,018","2,046","1,831","9,174",2017
Transient cerebral ischaemic attacks and related syndromes,G45,~,*,500,"1,281","1,841",~,*,402,"1,425","1,931",6,158,902,"2,706","3,772",2017
Diseases of the eye and adnexa,H00–H59,"1,428","2,939","8,021","22,559","34,947","1,314","3,602","6,521","28,839","40,276","2,742","6,541","14,542","51,398","75,223",2017
Diseases of the ear and mastoid process,H60–H95,"3,425","1,745","1,623","1,797","8,590","2,590","1,952","1,679","1,740","7,961","6,015","3,697","3,302","3,537","16,551",2017
Diseases of the circulatory system,I00–I99,"1,976","9,158","44,250","107,542","162,926","2,038","8,123","21,859","81,359","113,379","4,014","17,281","66,109","188,901","276,305",2017
Hypertensive diseases,I10–I15,387,"2,569","11,381","23,344","37,681",557,"1,978","6,333","20,639","29,507",944,"4,547","17,714","43,983","67,188",2017
Angina pectoris,I20,~,*,"1,487","2,370","3,992",0,58,640,"1,238","1,936",~,*,"2,127","3,608","5,928",2017
Acute myocardial infarction,I21–I22,0,334,"2,477","3,598","6,409",~,*,641,"2,117","2,840",~,*,"3,118","5,715","9,249",2017
Other ischaemic heart disease,I23–I25,0,710,"8,944","16,194","25,848",~,*,"2,640","7,325","10,153",~,*,"11,584","23,519","36,001",2017
Pulmonary heart disease and diseases of pulmonary circulation,I26–I28,60,253,727,"1,378","2,418",68,339,564,"1,722","2,693",128,592,"1,291","3,100","5,111",2017
Conduction disorders and cardiac arrhythmias,I44–I49,188,"1,225","6,495","24,336","32,244",155,857,"2,577","17,830","21,419",343,"2,082","9,072","42,166","53,663",2017
Heart failure,I50,28,134,"1,549","10,406","12,117",52,143,650,"8,986","9,831",80,277,"2,199","19,392","21,948",2017
Cerebrovascular disease,I60–I69,155,456,"2,146","6,195","8,952",46,453,"1,390","5,129","7,018",201,909,"3,536","11,324","15,970",2017
Atherosclerosis (non-coronary),I70,~,*,875,"2,574","3,512",~,*,351,"1,323","1,705",~,*,"1,226","3,897","5,217",2017
Diseases of the respiratory system,J00–J99,"12,985","11,250","18,302","48,098","90,635","9,713","13,711","17,184","44,794","85,402","22,698","24,961","35,486","92,892","176,037",2017
Acute upper respiratory infections and influenza,J00–J11,"4,049","1,417",550,752,"6,768","2,954","2,584",714,843,"7,095","7,003","4,001","1,264","1,595","13,863",2017
Pneumonia,J12–J18,842,"1,249","2,189","7,923","12,203",675,"1,166","1,664","7,328","10,833","1,517","2,415","3,853","15,251","23,036",2017
Chronic diseases of tonsils and adenoids,J35,"1,906",510,55,22,"2,493","1,552","1,068",80,34,"2,734","3,458","1,578",135,56,"5,227",2017
Chronic obstructive pulmonary disease and bronchiectasis,"J40–J44, J47",85,460,"3,848","13,421","17,814",151,606,"4,135","12,603","17,495",236,"1,066","7,983","26,024","35,309",2017
Asthma,J45–J46,"1,572","1,279","1,767","1,095","5,713",919,"2,299","2,429","1,677","7,324","2,491","3,578","4,196","2,772","13,037",2017
Diseases of the digestive system,K00–K93,"7,798","42,645","59,342","61,505","171,290","6,504","46,779","55,437","59,410","168,130","14,302","89,424","114,779","120,915","339,420",2017
"Diseases of oesophagus, stomach and duodenum",K20–K31,905,"11,500","18,677","17,501","48,583",781,"11,603","17,489","17,105","46,978","1,686","23,103","36,166","34,606","95,561",2017
Diseases of appendix,K35–K38,"1,220","1,995",430,167,"3,812",875,"1,976",398,154,"3,403","2,095","3,971",828,321,"7,215",2017
Inguinal hernia,K40,517,774,"1,410","1,691","4,392",118,51,78,136,383,635,825,"1,488","1,827","4,775",2017
Noninfective enteritis and colitis,K50–K52,584,"7,400","3,568","1,760","13,312",385,"6,885","3,606","1,927","12,803",969,"14,285","7,174","3,687","26,115",2017
Alcoholic liver disease,K70,0,534,"1,789",680,"3,003",0,348,745,253,"1,346",0,882,"2,534",933,"4,349",2017
Cholelithiasis,K80,20,658,"1,282","2,210","4,170",31,"2,766","2,349","2,407","7,553",51,"3,424","3,631","4,617","11,723",2017
Diseases of the skin and subcutaneous tissue,L00–L99,"2,780","15,456","13,501","16,960","48,697","2,241","14,941","11,989","16,191","45,362","5,021","30,397","25,490","33,151","94,059",2017
"Cutaneous abscess, furuncle and carbuncle and cellulitis",L02–L03,585,"1,820","2,302","3,584","8,291",484,"1,199","1,349","3,588","6,620","1,069","3,019","3,651","7,172","14,911",2017
Decubitus ulcer and pressure area,L89,15,186,391,"1,817","2,409",10,67,234,"1,837","2,148",25,253,625,"3,654","4,557",2017
Diseases of the musculoskeletal system and connective tissue,M00–M99,"2,618","10,664","19,209","21,931","54,422","3,109","17,158","25,220","34,395","79,882","5,727","27,822","44,429","56,326","134,304",2017
Rheumatoid arthritis,M05–M06,~,*,"1,143","1,171","2,648",0,849,"2,189","2,307","5,345",~,*,"3,332","3,478","7,993",2017
Coxarthrosis and Gonarthrosis ,M16–M17,0,369,"2,328","3,475","6,172",~,*,"2,692","5,442","8,410",~,*,"5,020","8,917","14,582",2017
Intervertebral disc disorders,M50–M51,~,*,850,738,"2,271",~,*,979,"1,051","2,962",7,"1,608","1,829","1,789","5,233",2017
Dorsalgia (back pain),M54,114,"1,894","3,085","2,347","7,440",163,"4,735","4,604","4,491","13,993",277,"6,629","7,689","6,838","21,433",2017
Diseases of the genitourinary system,N00–N99,"6,033","16,078","36,394","87,598","146,103","4,145","43,316","41,745","60,052","149,258","10,178","59,394","78,139","147,650","295,361",2017
Chronic kidney disease,N18,680,"8,261","23,002","53,533","85,476",798,"6,906","14,454","27,968","50,126","1,478","15,167","37,456","81,501","135,602",2017
Urolithiasis,N20–N23,74,"1,762","2,273","1,306","5,415",59,"1,088","1,050",647,"2,844",133,"2,850","3,323","1,953","8,259",2017
Hyperplasia of prostate,N40,0,98,"1,605","5,167","6,870",0,0,0,0,0,0,98,"1,605","5,167","6,870",2017
Disorders of breast,N60–N64,15,101,41,37,194,28,"1,862","1,934",583,"4,407",43,"1,963","1,975",620,"4,601",2017
Inflammatory diseases of female pelvic organs,N70–N77,0,0,0,0,0,46,"3,236",926,444,"4,652",46,"3,236",926,444,"4,652",2017
Noninflammatory disorders of female genital tract,N80–N98,**,**,**,**,**,**,**,**,**,**,284,"22,747","14,649","4,851","42,531",2017
"Pregnancy, childbirth and the puerperium",O00–O99,0,0,0,0,0,17,"264,712","1,617",0,"266,346",17,"264,712","1,617",0,"266,346",2017
Gestational [pregnancy induced] hypertension,O13,0,0,0,0,0,0,"6,078",60,0,"6,138",0,"6,078",60,0,"6,138",2017
Diabetes mellitus in pregnancy,O24,0,0,0,0,0,0,"9,731",83,0,"9,814",0,"9,731",83,0,"9,814",2017
Single spontaneous delivery,O80,0,0,0,0,0,~,"30,746",*,0,"30,797",~,"30,746",*,0,"30,797",2017
Single delivery by forceps and vacuum extractor,O81,0,0,0,0,0,0,"8,838",17,0,"8,855",0,"8,838",17,0,"8,855",2017
Single delivery by caesarean section,O82,0,0,0,0,0,~,"18,589",*,0,"18,780",~,"18,589",*,0,"18,780",2017
Other assisted single delivery,O83,0,0,0,0,0,0,*,~,0,921,0,*,~,0,921,2017
Multiple delivery,O84,0,0,0,0,0,0,"1,120",31,0,"1,151",0,"1,120",31,0,"1,151",2017
Certain conditions originating in the perinatal period,P00–P96,**,**,**,**,"15,803",**,**,**,**,"12,583",**,**,**,**,"28,386",2017
"Congenital malformations, deformations and chromosomal abnormalities",Q00–Q99,"13,292","2,128","1,406",578,"17,404","10,890","2,725","1,932",653,"16,200","24,182","4,853","3,338","1,231","33,604",2017
"Symptoms, signs and abnormal clinical and laboratory findings, not elsewhere classified",R00–R99,"14,387","28,036","41,579","72,682","156,684","12,022","57,341","41,925","70,451","181,739","26,409","85,377","83,504","143,133","338,423",2017
Pain in throat and chest,R07,160,"3,816","6,172","4,418","14,566",138,"4,020","5,328","4,420","13,906",298,"7,836","11,500","8,838","28,472",2017
Abdominal and pelvic pain,R10,"1,129","3,182","2,736","1,967","9,014","1,419","15,101","4,509","2,677","23,706","2,548","18,283","7,245","4,644","32,720",2017
"Injury, poisoning and certain other consequences of external causes",S00–T98,"8,841","24,612","14,823","17,827","66,103","6,186","12,290","11,163","21,497","51,136","15,027","36,902","25,986","39,324","117,239",2017
Intracranial injury,S06,394,"1,287",785,"1,117","3,583",147,448,416,886,"1,897",541,"1,735","1,201","2,003","5,480",2017
Other injuries to the head (including skull fracture),"S00–S05, S07–S09","2,268","4,360","1,841","2,685","11,154","1,450","1,220",886,"2,931","6,487","3,718","5,580","2,727","5,616","17,641",2017
Fracture of femur,S72,109,174,251,"1,388","1,922",74,44,379,"3,370","3,867",183,218,630,"4,758","5,789",2017
"Poisonings by drugs, medicaments and biological substances and toxic effects of substances chiefly nonmedicinal as to source",T36–T65,251,"2,099",860,296,"3,506",382,"2,723","1,169",436,"4,710",633,"4,822","2,029",732,"8,216",2017
External causes of morbidity and mortality,U50–Y98,"21,734","46,413","30,816","44,315","143,278","15,405","28,460","25,889","54,801","124,555","37,139","74,873","56,705","99,116","267,833",2017
Transport accidents,V01–V99,516,"1,838",770,410,"3,534",300,979,460,367,"2,106",816,"2,817","1,230",777,"5,640",2017
Factors influencing health status and contact with health services a,"U00–U49, Z00–Z99","25,361","64,960","166,314","287,145","543,780","20,824","216,351","159,812","192,490","589,477","46,185","281,311","326,126","479,635","1,133,257",2017
Other medical care (including radiotherapy and chemotherapy sessions),Z51,"3,325","7,193","38,822","67,555","116,895","2,531","18,459","59,311","51,166","131,467","5,856","25,652","98,133","118,721","248,362",2017
